Test Name,H-Reflex Inc-Dec
Test Item,Right Increasing -> M-max
Patient Name,"week5  s2812mytb"
Patient ID,
Test Date,8/6/2019
Trace Label,"Tr 1 : 0 mA","Tr 2 : 14.5 mA","Tr 3 : 14.5 mA","Tr 4 : 20 mA","Tr 5 : 30 mA","Tr 6 : 55 mA","Tr 7 : 61 mA","Tr 8 : 65 mA"
Sensitivity (µV/Div),2000.00,2000.00,2000.00,2000.00,2000.00,2000.00,2000.00,2000.00
Hicut,10000.00,10000.00,10000.00,10000.00,10000.00,10000.00,10000.00,10000.00
Locut,20.00,20.00,20.00,20.00,20.00,20.00,20.00,20.00
ms/Sample,0.0781,0.0781,0.0781,0.0781,0.0781,0.0781,0.0781,0.0781
Samples,640,640,640,640,640,640,640,640
Trace Data (µV),42.724609375,6291.961669922,9371.185302734,7444.000244141,9248.352050781,16094.970703125,8922.576904297,8374.786376953
,42.724609375,10690.307617188,14076.995849609,12301.635742188,15199.279785156,19647.979736328,14971.923828125,14283.752441406
,43.487548828,14739.990234375,17596.435546875,16222.381591797,19923.400878906,22311.401367188,19792.938232422,19291.687011719
,43.487548828,17612.457275391,19969.177246094,18816.375732422,23139.190673828,23981.475830078,23080.444335938,22752.380371094
,44.250488281,18404.388427734,19570.922851563,19036.865234375,23649.597167969,23020.172119141,24031.066894531,24076.080322266
,45.013427734,16432.952880859,16375.732421875,16557.312011719,20869.445800781,19356.536865234,21534.729003906,21920.776367188
,45.013427734,12694.549560547,11714.172363281,12534.332275391,16217.041015625,13889.312744141,17058.563232422,17613.983154297
,46.539306641,7628.631591797,5625.915527344,7199.096679688,9835.052490234,6830.596923828,10732.269287109,11451.721191406
,47.302246094,2928.161621094,1212.310791016,2677.917480469,4091.644287109,1439.666748047,4116.058349609,4581.451416016
,48.065185547,-3.814697266,-1430.511474609,-312.805175781,158.691406250,-2146.148681641,-572.204589844,-320.434570313
,48.065185547,-1578.521728516,-2559.661865234,-1877.593994141,-2040.863037109,-3945.159912109,-3486.633300781,-3450.775146484
,46.539306641,-1818.847656250,-2233.123779297,-2051.544189453,-2513.122558594,-4052.734375000,-4580.688476563,-4757.690429688
,45.013427734,-1557.922363281,-1986.694335938,-1908.111572266,-2436.065673828,-4086.303710938,-4611.968994141,-4791.259765625
,42.724609375,-1504.516601563,-1879.882812500,-1823.425292969,-2394.866943359,-4107.666015625,-4677.581787109,-4877.471923828
,41.198730469,-1461.791992188,-1795.959472656,-1753.234863281,-2354.431152344,-4105.377197266,-4695.892333984,-4911.041259766
,40.435791016,-1424.407958984,-1725.006103516,-1692.199707031,-2313.232421875,-4084.777832031,-4685.211181641,-4911.804199219
,38.909912109,-1390.838623047,-1662.445068359,-1638.031005859,-2272.033691406,-4051.208496094,-4655.456542969,-4890.441894531
,38.146972656,-1360.321044922,-1606.750488281,-1588.439941406,-2232.360839844,-4009.246826172,-4614.257812500,-4852.294921875
,36.621093750,-1332.092285156,-1557.159423828,-1544.189453125,-2193.450927734,-3960.418701172,-4563.903808594,-4801.940917969
,35.858154297,-1306.152343750,-1512.145996094,-1503.753662109,-2156.066894531,-3908.538818359,-4508.972167969,-4743.194580078
,34.332275391,-1280.212402344,-1470.947265625,-1465.606689453,-2117.156982422,-3854.370117188,-4450.225830078,-4681.396484375
,32.043457031,-1255.798339844,-1431.274414063,-1431.274414063,-2078.247070313,-3799.438476563,-4390.716552734,-4616.546630859
,29.754638672,-1229.095458984,-1394.653320313,-1398.468017578,-2037.811279297,-3742.980957031,-4331.207275391,-4551.696777344
,26.702880859,-1204.681396484,-1360.321044922,-1368.713378906,-1997.375488281,-3687.286376953,-4273.223876953,-4488.372802734
,24.414062500,-1180.267333984,-1327.514648438,-1341.247558594,-1958.465576172,-3633.117675781,-4216.766357422,-4425.048828125
,22.125244141,-1158.905029297,-1297.760009766,-1314.544677734,-1920.318603516,-3579.711914063,-4161.071777344,-4363.250732422
,19.836425781,-1139.068603516,-1267.242431641,-1287.841796875,-1883.697509766,-3527.832031250,-4106.140136719,-4302.215576172
,17.547607422,-1120.758056641,-1238.250732422,-1261.901855469,-1846.313476563,-3477.478027344,-4051.971435547,-4242.706298828
,14.495849609,-1102.447509766,-1211.547851563,-1236.724853516,-1808.166503906,-3427.124023438,-3998.565673828,-4183.959960938
,12.207031250,-1084.899902344,-1187.133789063,-1213.073730469,-1771.545410156,-3379.058837891,-3948.211669922,-4127.502441406
,9.918212891,-1067.352294922,-1164.245605469,-1190.948486328,-1735.687255859,-3333.282470703,-3900.146484375,-4074.096679688
,8.392333984,-1049.804687500,-1143.646240234,-1168.823242188,-1701.354980469,-3289.794921875,-3852.844238281,-4021.453857422
,6.866455078,-1033.782958984,-1123.046875000,-1148.223876953,-1669.311523438,-3250.122070313,-3806.304931641,-3972.625732422
,5.340576172,-1018.524169922,-1100.921630859,-1126.861572266,-1638.793945313,-3212.738037109,-3761.291503906,-3926.849365234
,3.814697266,-1004.028320313,-1080.322265625,-1107.025146484,-1610.565185547,-3178.405761719,-3717.803955078,-3884.124755859
,0.762939453,-989.532470703,-1059.722900391,-1089.477539063,-1583.862304688,-3146.362304688,-3679.656982422,-3845.214843750
,0.000000000,-975.036621094,-1039.886474609,-1076.507568359,-1558.685302734,-3119.659423828,-3646.850585938,-3812.408447266
,0.000000000,-961.303710938,-1022.338867188,-1067.352294922,-1538.085937500,-3099.060058594,-3620.910644531,-3785.705566406
,0.000000000,-948.333740234,-1005.554199219,-1062.011718750,-1521.301269531,-3087.615966797,-3604.125976563,-3768.157958984
,0.000000000,-935.363769531,-989.532470703,-1058.959960938,-1510.620117188,-3089.141845703,-3594.970703125,-3762.817382813
,0.000000000,-923.156738281,-974.273681641,-1052.856445313,-1505.279541016,-3104.400634766,-3599.548339844,-3771.972656250
,0.000000000,-910.186767578,-959.014892578,-1045.989990234,-1509.094238281,-3137.207031250,-3621.673583984,-3800.964355469
,0.000000000,-896.453857422,-944.519042969,-1039.886474609,-1523.590087891,-3190.612792969,-3663.635253906,-3852.081298828
,0.762939453,-882.720947266,-930.786132813,-1036.071777344,-1552.581787109,-3269.958496094,-3730.773925781,-3931.427001953
,2.288818359,-869.750976563,-920.867919922,-1036.834716797,-1599.884033203,-3378.295898438,-3826.141357422,-4039.001464844
,3.051757813,-858.306884766,-911.712646484,-1042.175292969,-1663.970947266,-3516.387939453,-3950.500488281,-4176.330566406
,3.814697266,-849.151611328,-905.609130859,-1054.382324219,-1750.183105469,-3681.945800781,-4103.851318359,-4340.362548828
,3.814697266,-840.759277344,-901.031494141,-1071.929931641,-1860.046386719,-3868.865966797,-4281.616210938,-4523.468017578
,3.051757813,-833.129882813,-895.690917969,-1098.632812500,-1992.797851563,-4067.993164063,-4476.165771484,-4719.543457031
,2.288818359,-826.263427734,-890.350341797,-1133.728027344,-2151.489257813,-4275.512695313,-4679.107666016,-4920.196533203
,2.288818359,-818.634033203,-884.246826172,-1176.452636719,-2330.017089844,-4486.083984375,-4883.575439453,-5117.797851563
,2.288818359,-811.004638672,-876.617431641,-1226.806640625,-2523.803710938,-4695.892333984,-5086.517333984,-5316.162109375
,1.525878906,-803.375244141,-869.750976563,-1280.975341797,-2725.982666016,-4904.174804688,-5287.170410156,-5512.237548828
,1.525878906,-795.745849609,-863.647460938,-1334.381103516,-2931.976318359,-5112.457275391,-5486.297607422,-5709.075927734
,1.525878906,-788.116455078,-857.543945313,-1387.023925781,-3134.918212891,-5319.213867188,-5685.424804688,-5906.677246094
,1.525878906,-781.250000000,-853.729248047,-1435.089111328,-3331.756591797,-5525.207519531,-5884.552001953,-6102.752685547
,3.814697266,-775.909423828,-849.914550781,-1478.576660156,-3522.491455078,-5731.201171875,-6082.916259766,-6297.302246094
,5.340576172,-770.568847656,-846.099853516,-1518.249511719,-3705.596923828,-5935.668945313,-6279.754638672,-6491.851806641
,6.866455078,-764.465332031,-842.285156250,-1552.581787109,-3881.835937500,-6138.610839844,-6475.830078125,-6684.875488281
,6.866455078,-756.835937500,-836.181640625,-1584.625244141,-4051.971435547,-6338.500976563,-6666.564941406,-6878.662109375
,7.629394531,-746.917724609,-830.078125000,-1614.379882813,-4214.477539063,-6535.339355469,-6855.773925781,-7071.685791016
,8.392333984,-735.473632813,-822.448730469,-1641.082763672,-4370.117187500,-6725.311279297,-7041.168212891,-7260.131835938
,9.155273438,-726.318359375,-814.056396484,-1666.259765625,-4520.416259766,-6908.416748047,-7218.933105469,-7443.237304688
,11.444091797,-717.926025391,-805.664062500,-1687.622070313,-4663.085937500,-7082.366943359,-7389.068603516,-7614.898681641
,12.207031250,-711.059570313,-796.508789063,-1705.169677734,-4799.652099609,-7247.924804688,-7550.048828125,-7775.878906250
,12.207031250,-704.956054688,-787.353515625,-1718.139648438,-4928.588867188,-7403.564453125,-7698.059082031,-7927.703857422
,11.444091797,-697.326660156,-778.961181641,-1729.583740234,-5049.133300781,-7548.522949219,-7836.914062500,-8068.084716797
,12.207031250,-690.460205078,-771.331787109,-1739.501953125,-5161.285400391,-7682.037353516,-7968.139648438,-8200.836181641
,12.969970703,-684.356689453,-765.228271484,-1747.131347656,-5264.282226563,-7805.633544922,-8090.972900391,-8325.195312500
,14.495849609,-679.016113281,-759.124755859,-1751.708984375,-5360.412597656,-7923.126220703,-8208.465576172,-8441.925048828
,16.784667969,-672.912597656,-753.021240234,-1753.234863281,-5447.387695313,-8037.567138672,-8322.143554688,-8554.840087891
,17.547607422,-667.572021484,-745.391845703,-1750.183105469,-5525.970458984,-8151.245117188,-8432.769775391,-8663.177490234
,17.547607422,-659.942626953,-735.473632813,-1744.079589844,-5596.160888672,-8263.397216797,-8540.344238281,-8769.989013672
,16.021728516,-651.550292969,-725.555419922,-1735.687255859,-5660.247802734,-8375.549316406,-8646.392822266,-8876.800537109
,13.732910156,-643.157958984,-716.400146484,-1725.769042969,-5717.468261719,-8486.938476563,-8753.204345703,-8983.612060547
,13.732910156,-636.291503906,-708.007812500,-1713.562011719,-5770.874023438,-8599.090576172,-8860.778808594,-9091.949462891
,13.732910156,-629.425048828,-700.378417969,-1701.354980469,-5822.753906250,-8711.242675781,-8968.353271484,-9198.760986328
,13.732910156,-624.084472656,-693.511962891,-1689.147949219,-5871.582031250,-8820.343017578,-9074.401855469,-9301.757812500
,14.495849609,-620.269775391,-685.882568359,-1676.177978516,-5918.884277344,-8924.102783203,-9175.109863281,-9397.125244141
,14.495849609,-614.929199219,-678.253173828,-1663.208007813,-5965.423583984,-9020.233154297,-9267.425537109,-9482.574462891
,13.732910156,-610.351562500,-670.623779297,-1651.763916016,-6008.148193359,-9104.919433594,-9351.348876953,-9556.579589844
,12.969970703,-605.010986328,-662.231445313,-1640.319824219,-6047.058105469,-9178.924560547,-9425.354003906,-9619.903564453
,11.444091797,-600.433349609,-653.076171875,-1631.164550781,-6082.153320313,-9242.248535156,-9487.152099609,-9671.020507813
,8.392333984,-595.855712891,-643.920898438,-1622.772216797,-6109.619140625,-9291.076660156,-9536.743164063,-9709.167480469
,4.577636719,-591.278076172,-633.239746094,-1615.142822266,-6127.929687500,-9326.934814453,-9571.838378906,-9734.344482422
,0.762939453,-585.174560547,-622.558593750,-1606.750488281,-6137.084960938,-9349.060058594,-9593.963623047,-9745.788574219
,-1.525878906,-579.071044922,-612.640380859,-1599.884033203,-6134.033203125,-9357.452392578,-9603.118896484,-9745.788574219
,-3.814697266,-572.967529297,-603.485107422,-1592.254638672,-6120.300292969,-9355.163574219,-9600.830078125,-9734.344482422
,-3.814697266,-566.864013672,-593.566894531,-1583.099365234,-6098.937988281,-9342.193603516,-9586.334228516,-9711.456298828
,-3.051757813,-561.523437500,-583.648681641,-1573.181152344,-6069.946289063,-9320.831298828,-9561.157226563,-9680.938720703
,-3.814697266,-556.182861328,-572.967529297,-1561.737060547,-6037.139892578,-9291.839599609,-9526.824951172,-9642.791748047
,-4.577636719,-550.079345703,-561.523437500,-1549.530029297,-6002.044677734,-9258.270263672,-9485.626220703,-9600.830078125
,-6.866455078,-543.212890625,-550.842285156,-1537.322998047,-5965.423583984,-9221.649169922,-9441.375732422,-9555.816650391
,-8.392333984,-535.583496094,-541.687011719,-1525.115966797,-5930.328369141,-9180.450439453,-9396.362304688,-9507.751464844
,-9.918212891,-528.717041016,-533.294677734,-1512.908935547,-5897.521972656,-9136.962890625,-9347.534179688,-9453.582763672
,-9.155273438,-521.850585938,-525.665283203,-1500.701904297,-5866.241455078,-9087.371826172,-9294.891357422,-9392.547607422
,-8.392333984,-514.984130859,-515.747070313,-1486.968994141,-5833.435058594,-9031.677246094,-9236.145019531,-9324.645996094
,-9.155273438,-507.354736328,-505.065917969,-1471.710205078,-5799.102783203,-8969.116210938,-9169.006347656,-9248.352050781
,-9.155273438,-497.436523438,-494.384765625,-1457.214355469,-5762.481689453,-8898.925781250,-9095.001220703,-9165.954589844
,-10.681152344,-486.755371094,-485.229492188,-1445.007324219,-5722.808837891,-8821.868896484,-9014.892578125,-9079.742431641
,-11.444091797,-476.837158203,-479.888916016,-1435.089111328,-5683.898925781,-8741.760253906,-8933.258056641,-8992.767333984
,-10.681152344,-467.681884766,-478.363037109,-1425.933837891,-5645.751953125,-8659.362792969,-8851.623535156,-8905.792236328
,-10.681152344,-459.289550781,-478.363037109,-1417.541503906,-5609.130859375,-8576.202392578,-8770.751953125,-8821.105957031
,-9.918212891,-451.660156250,-479.888916016,-1406.097412109,-5575.561523438,-8492.279052734,-8690.643310547,-8737.182617188
,-8.392333984,-444.030761719,-474.548339844,-1394.653320313,-5542.755126953,-8409.881591797,-8610.534667969,-8654.785156250
,-6.866455078,-435.638427734,-466.918945313,-1382.446289063,-5509.948730469,-8329.772949219,-8532.714843750,-8575.439453125
,-3.814697266,-426.483154297,-457.763671875,-1370.239257813,-5474.853515625,-8255.004882813,-8460.235595703,-8500.671386719
,-0.762939453,-418.853759766,-446.319580078,-1360.321044922,-5437.469482422,-8184.814453125,-8392.333984375,-8430.480957031
,1.525878906,-411.224365234,-436.401367188,-1351.165771484,-5398.559570313,-8118.438720703,-8329.772949219,-8364.105224609
,4.577636719,-404.357910156,-424.957275391,-1340.484619141,-5357.360839844,-8054.351806641,-8268.737792969,-8300.781250000
,6.103515625,-398.254394531,-412.750244141,-1329.803466797,-5315.399169922,-7988.739013672,-8206.176757813,-8236.694335938
,9.155273438,-389.862060547,-400.543212891,-1318.359375000,-5271.911621094,-7920.074462891,-8140.563964844,-8171.081542969
,11.444091797,-382.995605469,-388.336181641,-1306.152343750,-5222.320556641,-7843.017578125,-8068.847656250,-8100.128173828
,13.732910156,-376.129150391,-376.892089844,-1293.945312500,-5165.100097656,-7756.042480469,-7989.501953125,-8018.493652344
,16.784667969,-370.788574219,-365.447998047,-1278.686523438,-5098.724365234,-7656.097412109,-7896.423339844,-7923.126220703
,19.073486328,-365.447998047,-353.240966797,-1261.138916016,-5018.615722656,-7540.130615234,-7788.085937500,-7811.737060547
,21.362304688,-360.870361328,-339.508056641,-1239.013671875,-4926.300048828,-7408.142089844,-7661.437988281,-7682.800292969
,24.414062500,-354.766845703,-325.012207031,-1213.073730469,-4817.962646484,-7259.368896484,-7517.242431641,-7536.315917969
,27.465820313,-348.663330078,-309.753417969,-1184.844970703,-4693.603515625,-7092.285156250,-7357.788085938,-7373.046875000
,30.517578125,-342.559814453,-296.020507813,-1152.801513672,-4553.985595703,-6908.416748047,-7183.837890625,-7196.044921875
,33.569335938,-336.456298828,-285.339355469,-1117.706298828,-4400.634765625,-6707.763671875,-6996.154785156,-7006.835937500
,35.858154297,-331.878662109,-274.658203125,-1078.796386719,-4237.365722656,-6491.088867188,-6796.264648438,-6809.234619141
,37.384033203,-326.538085938,-265.502929688,-1038.360595703,-4064.941406250,-6260.681152344,-6583.404541016,-6602.478027344
,37.384033203,-322.723388672,-254.821777344,-997.161865234,-3887.176513672,-6020.355224609,-6359.100341797,-6389.617919922
,37.384033203,-317.382812500,-243.377685547,-956.726074219,-3706.359863281,-5773.925781250,-6124.877929688,-6172.943115234
,37.384033203,-312.042236328,-232.696533203,-917.816162109,-3524.017333984,-5529.022216797,-5887.603759766,-5956.268310547
,37.384033203,-308.227539063,-222.015380859,-879.669189453,-3347.015380859,-5289.459228516,-5650.329589844,-5742.645263672
,37.384033203,-303.649902344,-213.623046875,-839.996337891,-3181.457519531,-5055.999755859,-5417.633056641,-5532.073974609
,37.384033203,-300.598144531,-205.993652344,-798.034667969,-3024.291992188,-4824.829101563,-5188.751220703,-5324.554443359
,35.858154297,-297.546386719,-199.890136719,-753.784179688,-2877.044677734,-4589.080810547,-4958.343505859,-5115.509033203
,33.569335938,-294.494628906,-194.549560547,-711.059570313,-2735.137939453,-4342.651367188,-4724.121093750,-4900.360107422
,31.280517578,-292.205810547,-190.734863281,-669.860839844,-2592.468261719,-4081.726074219,-4483.032226563,-4675.292968750
,29.754638672,-289.916992188,-187.683105469,-632.476806641,-2452.850341797,-3810.119628906,-4231.262207031,-4435.729980469
,29.754638672,-287.628173828,-186.157226563,-598.144531250,-2316.284179688,-3529.357910156,-3967.285156250,-4177.856445313
,31.280517578,-286.102294922,-186.920166016,-563.049316406,-2182.006835938,-3243.255615234,-3689.575195313,-3902.435302734
,33.569335938,-283.050537109,-186.920166016,-524.139404297,-2049.255371094,-2954.101562500,-3399.658203125,-3609.466552734
,35.858154297,-279.998779297,-187.683105469,-481.414794922,-1911.926269531,-2661.895751953,-3099.822998047,-3304.290771484
,37.384033203,-274.658203125,-188.446044922,-431.823730469,-1765.441894531,-2365.112304688,-2793.884277344,-2993.011474609
,38.146972656,-268.554687500,-188.446044922,-373.077392578,-1605.987548828,-2065.277099609,-2484.130859375,-2677.154541016
,41.198730469,-262.451171875,-187.683105469,-304.412841797,-1432.800292969,-1762.390136719,-2172.088623047,-2357.482910156
,44.250488281,-256.347656250,-186.157226563,-222.778320313,-1248.168945313,-1459.503173828,-1858.520507813,-2036.285400391
,46.539306641,-251.007080078,-181.579589844,-131.988525391,-1051.330566406,-1155.853271484,-1544.952392578,-1712.036132813
,48.828125000,-246.429443359,-176.239013672,-33.569335938,-846.099853516,-852.203369141,-1231.384277344,-1387.023925781
,49.591064453,-241.088867188,-170.898437500,65.612792969,-633.239746094,-549.316406250,-918.579101563,-1058.959960938
,49.591064453,-236.511230469,-164.794921875,162.506103516,-414.276123047,-241.851806641,-600.433349609,-725.555419922
,50.354003906,-231.933593750,-157.928466797,256.347656250,-193.023681641,71.716308594,-273.895263672,-380.706787109
,51.879882813,-225.067138672,-149.536132813,344.848632813,26.702880859,394.439697266,65.612792969,-20.599365234
,52.642822266,-218.200683594,-139.617919922,425.720214844,244.903564453,730.133056641,423.431396484,355.529785156
,53.405761719,-211.334228516,-131.225585938,502.014160156,458.526611328,1078.033447266,797.271728516,748.443603516
,51.879882813,-203.704833984,-122.833251953,569.915771484,669.860839844,1435.089111328,1181.030273438,1153.564453125
,49.591064453,-199.127197266,-115.966796875,634.002685547,877.380371094,1805.114746094,1570.892333984,1567.840576172
,48.828125000,-196.075439453,-110.626220703,693.511962891,1080.322265625,2184.295654297,1966.094970703,1987.457275391
,49.591064453,-193.786621094,-105.285644531,748.443603516,1278.686523438,2571.868896484,2368.164062500,2412.414550781
,52.642822266,-190.734863281,-101.470947266,798.034667969,1473.999023438,2966.308593750,2780.914306641,2841.186523438
,56.457519531,-186.920166016,-98.419189453,842.285156250,1668.548583984,3364.562988281,3202.819824219,3270.721435547
,59.509277344,-183.868408203,-96.130371094,881.195068359,1866.149902344,3759.765625000,3626.251220703,3699.493408203
,64.086914063,-180.053710938,-94.604492188,914.764404297,2066.802978516,4147.338867188,4043.579101563,4119.873046875
,67.901611328,-179.290771484,-94.604492188,943.756103516,2269.744873047,4522.705078125,4447.937011719,4530.334472656
,72.479248047,-177.764892578,-93.841552734,971.984863281,2474.975585938,4880.523681641,4837.799072266,4927.062988281
,76.293945313,-177.764892578,-93.841552734,998.687744141,2679.443359375,5220.031738281,5211.639404297,5307.769775391
,80.108642578,-175.476074219,-93.078613281,1026.916503906,2882.385253906,5542.755126953,5569.458007813,5669.403076172
,82.397460938,-171.661376953,-90.026855469,1056.671142578,3085.327148438,5850.982666016,5911.254882813,6008.148193359
,84.686279297,-167.846679688,-84.686279297,1088.714599609,3285.980224609,6146.240234375,6233.978271484,6323.242187500
,86.212158203,-162.506103516,-77.056884766,1119.232177734,3488.159179688,6430.053710938,6537.628173828,6612.396240234
,87.738037109,-158.691406250,-67.901611328,1148.986816406,3690.338134766,6700.134277344,6821.441650391,6880.187988281
,90.026855469,-156.402587891,-58.746337891,1177.215576172,3890.228271484,6951.904296875,7086.181640625,7129.669189453
,90.789794922,-155.639648438,-51.116943359,1204.681396484,4087.829589844,7183.837890625,7330.322265625,7361.602783203
,90.026855469,-155.639648438,-42.724609375,1232.910156250,4276.275634766,7394.409179688,7556.152343750,7576.751708984
,88.500976563,-154.876708984,-34.332275391,1261.138916016,4456.329345703,7582.855224609,7762.145996094,7771.301269531
,85.449218750,-152.587890625,-24.414062500,1288.604736328,4625.701904297,7749.938964844,7946.014404297,7943.725585938
,81.634521484,-148.773193359,-14.495849609,1312.255859375,4785.919189453,7897.186279297,8106.231689453,8093.261718750
,80.871582031,-144.958496094,-3.814697266,1331.329345703,4935.455322266,8019.256591797,8241.271972656,8219.146728516
,80.871582031,-141.143798828,6.103515625,1345.062255859,5072.021484375,8119.964599609,8351.135253906,8321.380615234
,82.397460938,-137.329101563,15.258789063,1353.454589844,5194.854736328,8195.495605469,8435.821533203,8399.200439453
,82.397460938,-133.514404297,25.939941406,1356.506347656,5302.429199219,8249.664306641,8496.856689453,8451.080322266
,80.108642578,-129.699707031,32.806396484,1354.980468750,5392.456054688,8284.759521484,8535.003662109,8475.494384766
,76.293945313,-125.885009766,37.384033203,1348.876953125,5466.461181641,8300.781250000,8550.262451172,8473.968505859
,71.716308594,-123.596191406,39.672851563,1338.195800781,5523.681640625,8300.018310547,8544.921875000,8449.554443359
,67.138671875,-121.307373047,39.672851563,1325.225830078,5565.643310547,8282.470703125,8519.744873047,8407.592773438
,64.849853516,-119.018554688,40.435791016,1310.729980469,5597.686767578,8248.901367188,8478.546142578,8352.661132813
,63.323974609,-115.203857422,42.724609375,1295.471191406,5622.100830078,8202.362060547,8422.851562500,8290.863037109
,63.323974609,-111.389160156,46.539306641,1278.686523438,5642.700195313,8143.615722656,8355.712890625,8222.198486328
,63.323974609,-106.811523438,49.591064453,1260.375976563,5657.196044922,8076.477050781,8279.418945313,8147.430419922
,61.035156250,-102.996826172,51.116943359,1238.250732422,5666.351318359,8004.760742188,8197.021484375,8068.084716797
,58.746337891,-100.708007813,51.116943359,1213.836669922,5667.877197266,7929.229736328,8111.572265625,7984.161376953
,57.220458984,-98.419189453,51.879882813,1189.422607422,5661.773681641,7851.409912109,8021.545410156,7897.949218750
,54.931640625,-96.130371094,52.642822266,1165.771484375,5650.329589844,7772.827148438,7929.229736328,7809.448242188
,54.931640625,-94.604492188,55.694580078,1144.409179688,5635.070800781,7691.192626953,7833.862304688,7716.369628906
,54.931640625,-90.789794922,58.746337891,1123.809814453,5618.286132813,7608.032226563,7732.391357422,7617.950439453
,55.694580078,-86.975097656,59.509277344,1102.447509766,5597.686767578,7520.294189453,7624.053955078,7514.953613281
,56.457519531,-83.160400391,60.272216797,1080.322265625,5574.798583984,7427.978515625,7510.375976563,7405.853271484
,57.983398438,-78.582763672,59.509277344,1056.671142578,5545.043945313,7326.507568359,7389.831542969,7292.175292969
,58.746337891,-74.768066406,58.746337891,1031.494140625,5509.185791016,7218.933105469,7264.709472656,7173.919677734
,57.983398438,-71.716308594,58.746337891,1007.843017578,5466.461181641,7104.492187500,7135.772705078,7051.849365234
,56.457519531,-67.901611328,57.983398438,981.903076172,5416.870117188,6984.710693359,7003.784179688,6926.727294922
,53.405761719,-64.086914063,55.694580078,954.437255859,5363.464355469,6866.455078125,6870.269775391,6801.605224609
,51.879882813,-57.983398438,53.405761719,925.445556641,5307.769775391,6748.962402344,6737.518310547,6678.009033203
,51.879882813,-52.642822266,50.354003906,896.453857422,5247.497558594,6635.284423828,6607.818603516,6558.990478516
,52.642822266,-47.302246094,48.828125000,868.225097656,5184.936523438,6526.947021484,6481.933593750,6446.075439453
,51.879882813,-41.961669922,47.302246094,839.996337891,5118.560791016,6421.661376953,6361.389160156,6339.263916016
,50.354003906,-38.909912109,46.539306641,812.530517578,5046.844482422,6320.190429688,6245.422363281,6238.555908203
,46.539306641,-35.858154297,45.776367188,785.064697266,4970.550537109,6223.297119141,6134.033203125,6142.425537109
,43.487548828,-33.569335938,45.013427734,758.361816406,4889.678955078,6133.270263672,6027.984619141,6050.109863281
,41.961669922,-31.280517578,42.724609375,733.947753906,4804.229736328,6049.346923828,5929.565429688,5963.134765625
,41.198730469,-29.754638672,40.435791016,709.533691406,4717.254638672,5972.290039063,5839.538574219,5880.737304688
,41.198730469,-30.517578125,37.384033203,685.119628906,4627.990722656,5899.047851563,5755.615234375,5801.391601563
,40.435791016,-30.517578125,33.569335938,662.231445313,4540.252685547,5826.568603516,5677.032470703,5723.571777344
,40.435791016,-31.280517578,28.991699219,638.580322266,4454.040527344,5753.326416016,5601.501464844,5645.751953125
,39.672851563,-32.806396484,22.888183594,614.166259766,4370.117187500,5677.032470703,5523.681640625,5564.880371094
,38.146972656,-34.332275391,16.021728516,589.752197266,4289.245605469,5597.686767578,5443.572998047,5480.194091797
,38.909912109,-38.146972656,7.629394531,566.101074219,4209.136962891,5515.289306641,5359.649658203,5392.456054688
,37.384033203,-42.724609375,0.000000000,543.212890625,4129.028320313,5429.077148438,5271.911621094,5300.140380859
,35.858154297,-47.302246094,-8.392333984,523.376464844,4048.919677734,5339.813232422,5183.410644531,5207.061767578
,36.621093750,-49.591064453,-15.258789063,507.354736328,3967.285156250,5249.023437500,5095.672607422,5115.509033203
,36.621093750,-51.116943359,-22.888183594,492.858886719,3884.124755859,5158.996582031,5008.697509766,5024.719238281
,38.146972656,-51.879882813,-30.517578125,479.125976563,3800.964355469,5071.258544922,4926.300048828,4936.981201172
,38.909912109,-53.405761719,-38.146972656,464.630126953,3718.566894531,4986.572265625,4846.191406250,4850.769042969
,38.909912109,-56.457519531,-45.776367188,447.082519531,3636.932373047,4904.937744141,4769.134521484,4764.556884766
,38.146972656,-58.746337891,-52.642822266,430.297851563,3556.823730469,4824.829101563,4695.892333984,4679.107666016
,35.858154297,-61.035156250,-58.746337891,413.513183594,3479.003906250,4745.483398438,4624.938964844,4595.947265625
,34.332275391,-61.798095703,-61.798095703,395.965576172,3404.235839844,4667.663574219,4556.274414063,4516.601562500
,33.569335938,-62.561035156,-64.086914063,379.943847656,3333.282470703,4592.132568359,4489.898681641,4443.359375000
,34.332275391,-63.323974609,-65.612792969,362.396240234,3264.617919922,4516.601562500,4424.285888672,4373.168945313
,35.858154297,-63.323974609,-66.375732422,344.848632813,3197.479248047,4438.781738281,4357.147216797,4303.741455078
,37.384033203,-64.086914063,-69.427490234,328.063964844,3130.340576172,4357.147216797,4286.956787109,4231.262207031
,38.909912109,-64.086914063,-70.190429688,310.516357422,3063.201904297,4270.935058594,4212.188720703,4153.442382813
,39.672851563,-64.086914063,-72.479248047,293.731689453,2996.063232422,4180.145263672,4133.605957031,4070.281982422
,38.909912109,-64.086914063,-75.531005859,276.184082031,2929.687500000,4087.066650391,4051.208496094,3981.781005859
,38.146972656,-64.086914063,-77.819824219,258.636474609,2865.600585938,3990.936279297,3965.759277344,3888.702392578
,38.146972656,-64.849853516,-80.871582031,241.088867188,2802.276611328,3890.991210938,3878.784179688,3794.097900391
,38.909912109,-65.612792969,-83.923339844,223.541259766,2735.900878906,3788.757324219,3788.757324219,3696.441650391
,38.909912109,-66.375732422,-85.449218750,207.519531250,2666.473388672,3684.234619141,3697.967529297,3595.733642578
,38.146972656,-66.375732422,-86.975097656,191.497802734,2594.757080078,3579.711914063,3605.651855469,3495.788574219
,35.858154297,-66.375732422,-86.975097656,175.476074219,2520.751953125,3475.952148438,3512.573242188,3394.317626953
,34.332275391,-66.375732422,-87.738037109,160.980224609,2449.035644531,3372.955322266,3421.020507813,3293.609619141
,33.569335938,-66.375732422,-88.500976563,144.958496094,2383.422851563,3269.195556641,3328.704833984,3195.953369141
,32.806396484,-65.612792969,-89.263916016,130.462646484,2320.861816406,3163.909912109,3236.389160156,3101.348876953
,32.043457031,-64.086914063,-90.026855469,115.966796875,2261.352539063,3057.098388672,3141.784667969,3007.507324219
,30.517578125,-62.561035156,-90.789794922,102.233886719,2202.606201172,2949.523925781,3046.417236328,2914.428710938
,28.991699219,-60.272216797,-90.789794922,90.789794922,2142.333984375,2843.475341797,2948.760986328,2821.350097656
,26.702880859,-59.509277344,-90.789794922,78.582763672,2079.772949219,2738.952636719,2851.104736328,2727.508544922
,24.414062500,-60.272216797,-90.026855469,66.375732422,2015.686035156,2636.718750000,2755.737304688,2635.955810547
,23.651123047,-63.323974609,-88.500976563,54.931640625,1948.547363281,2536.010742188,2661.895751953,2545.928955078
,22.125244141,-67.901611328,-86.975097656,42.724609375,1878.356933594,2437.591552734,2570.343017578,2456.665039063
,20.599365234,-73.242187500,-83.923339844,32.043457031,1807.403564453,2341.461181641,2481.842041016,2368.164062500
,18.310546875,-80.108642578,-80.871582031,22.888183594,1736.450195313,2246.856689453,2394.104003906,2280.426025391
,15.258789063,-85.449218750,-78.582763672,12.969970703,1667.022705078,2156.066894531,2306.365966797,2194.213867188
,12.969970703,-91.552734375,-76.293945313,3.814697266,1599.884033203,2068.328857422,2219.390869141,2109.527587891
,11.444091797,-99.945068359,-76.293945313,-3.051757813,1534.271240234,1984.405517578,2133.941650391,2027.893066406
,10.681152344,-106.811523438,-77.056884766,-12.207031250,1470.184326172,1904.296875000,2049.255371094,1949.310302734
,10.681152344,-113.677978516,-77.056884766,-18.310546875,1408.386230469,1828.002929688,1967.620849609,1873.016357422
,9.918212891,-120.544433594,-77.056884766,-23.651123047,1348.876953125,1753.997802734,1888.275146484,1799.011230469
,8.392333984,-123.596191406,-77.056884766,-28.991699219,1291.656494141,1683.044433594,1810.455322266,1725.769042969
,6.866455078,-126.647949219,-77.056884766,-32.043457031,1235.198974609,1615.905761719,1734.924316406,1654.052734375
,6.103515625,-128.936767578,-77.056884766,-36.621093750,1179.504394531,1549.530029297,1660.919189453,1583.099365234
,6.103515625,-129.699707031,-77.056884766,-41.198730469,1123.046875000,1484.680175781,1589.202880859,1513.671875000
,6.866455078,-129.699707031,-77.056884766,-47.302246094,1065.826416016,1420.593261719,1519.775390625,1447.296142578
,8.392333984,-127.410888672,-77.056884766,-55.694580078,1007.843017578,1357.269287109,1453.399658203,1381.683349609
,9.155273438,-121.307373047,-77.056884766,-62.561035156,951.385498047,1293.182373047,1390.075683594,1318.359375000
,9.155273438,-114.440917969,-77.819824219,-70.953369141,895.690917969,1231.384277344,1326.751708984,1258.087158203
,7.629394531,-106.048583984,-77.819824219,-78.582763672,844.573974609,1169.586181641,1263.427734375,1201.629638672
,6.866455078,-96.893310547,-78.582763672,-85.449218750,795.745849609,1108.551025391,1200.103759766,1150.512695313
,6.103515625,-86.975097656,-77.819824219,-93.078613281,749.206542969,1050.567626953,1136.779785156,1103.210449219
,5.340576172,-74.768066406,-77.056884766,-99.945068359,704.193115234,993.347167969,1078.033447266,1059.722900391
,4.577636719,-61.035156250,-74.768066406,-106.811523438,659.942626953,940.704345703,1022.338867188,1020.812988281
,3.814697266,-43.487548828,-71.716308594,-111.389160156,615.692138672,891.113281250,970.458984375,986.480712891
,4.577636719,-23.651123047,-70.190429688,-115.966796875,573.730468750,844.573974609,920.867919922,955.200195313
,5.340576172,-1.525878906,-70.190429688,-116.729736328,531.768798828,801.086425781,872.039794922,926.971435547
,6.866455078,21.362304688,-70.190429688,-115.966796875,491.333007813,761.413574219,824.737548828,900.268554688
,7.629394531,46.539306641,-71.716308594,-113.677978516,454.711914063,725.555419922,779.724121094,874.328613281
,7.629394531,70.190429688,-72.479248047,-109.863281250,422.668457031,694.274902344,737.762451172,848.388671875
,7.629394531,94.604492188,-72.479248047,-104.522705078,395.965576172,666.046142578,698.089599609,823.211669922
,6.866455078,118.255615234,-72.479248047,-98.419189453,373.077392578,642.395019531,659.942626953,796.508789063
,6.866455078,140.380859375,-70.953369141,-90.789794922,353.240966797,619.506835938,623.321533203,768.280029297
,8.392333984,159.454345703,-67.901611328,-80.871582031,333.404541016,597.381591797,588.226318359,737.762451172
,9.918212891,175.476074219,-65.612792969,-70.190429688,312.805175781,576.782226563,553.894042969,701.904296875
,11.444091797,186.920166016,-62.561035156,-57.983398438,293.731689453,557.708740234,522.613525391,660.705566406
,12.207031250,193.786621094,-59.509277344,-45.776367188,276.947021484,540.924072266,492.095947266,617.218017578
,12.207031250,198.364257813,-57.983398438,-36.621093750,261.688232422,527.191162109,462.341308594,572.204589844
,10.681152344,199.127197266,-56.457519531,-28.228759766,250.244140625,514.221191406,434.112548828,527.954101563
,9.918212891,196.075439453,-56.457519531,-21.362304688,240.325927734,501.251220703,407.409667969,489.807128906
,8.392333984,192.260742188,-54.931640625,-16.021728516,231.170654297,486.755371094,381.469726563,456.237792969
,6.103515625,186.920166016,-51.879882813,-9.918212891,224.304199219,470.733642578,357.055664063,427.246093750
,3.051757813,180.053710938,-48.065185547,-5.340576172,218.963623047,452.423095703,334.167480469,402.832031250
,0.000000000,174.713134766,-43.487548828,-2.288818359,215.148925781,433.349609375,311.279296875,381.469726563
,-2.288818359,168.609619141,-38.909912109,0.000000000,213.623046875,414.276123047,288.391113281,361.633300781
,-4.577636719,162.506103516,-35.095214844,1.525878906,210.571289063,392.913818359,265.502929688,344.848632813
,-5.340576172,156.402587891,-31.280517578,2.288818359,206.756591797,370.788574219,243.377685547,331.115722656
,-6.866455078,149.536132813,-27.465820313,4.577636719,200.653076172,346.374511719,222.015380859,320.434570313
,-6.866455078,142.669677734,-22.125244141,6.866455078,194.549560547,321.197509766,203.704833984,314.331054688
,-6.866455078,137.329101563,-16.784667969,10.681152344,187.683105469,295.257568359,186.920166016,309.753417969
,-6.866455078,131.225585938,-12.207031250,16.784667969,181.579589844,270.080566406,171.661376953,305.175781250
,-6.866455078,125.122070313,-8.392333984,23.651123047,175.476074219,246.429443359,158.691406250,299.072265625
,-5.340576172,119.018554688,-3.814697266,31.280517578,169.372558594,224.304199219,149.536132813,291.442871094
,-5.340576172,110.626220703,0.762939453,41.198730469,164.031982422,202.178955078,141.143798828,281.524658203
,-4.577636719,102.996826172,6.866455078,51.116943359,157.928466797,180.053710938,136.566162109,269.317626953
,-5.340576172,94.604492188,14.495849609,61.798095703,153.350830078,156.402587891,132.751464844,254.058837891
,-6.103515625,86.975097656,21.362304688,72.479248047,148.010253906,135.040283203,129.699707031,235.748291016
,-6.103515625,80.108642578,26.702880859,82.397460938,144.958496094,114.440917969,126.647949219,215.148925781
,-6.103515625,74.005126953,32.806396484,92.315673828,143.432617188,94.604492188,123.596191406,193.786621094
,-4.577636719,68.664550781,37.384033203,101.470947266,141.906738281,76.293945313,119.781494141,171.661376953
,-4.577636719,64.849853516,43.487548828,110.626220703,141.906738281,57.983398438,115.966796875,148.773193359
,-4.577636719,61.798095703,50.354003906,121.307373047,140.380859375,41.961669922,110.626220703,124.359130859
,-5.340576172,60.272216797,56.457519531,130.462646484,138.092041016,28.991699219,104.522705078,99.945068359
,-6.103515625,61.035156250,61.798095703,140.380859375,136.566162109,18.310546875,96.130371094,76.293945313
,-6.103515625,61.798095703,67.138671875,148.773193359,133.514404297,10.681152344,86.212158203,52.642822266
,-6.103515625,61.035156250,70.190429688,157.165527344,130.462646484,2.288818359,74.005126953,32.043457031
,-5.340576172,60.272216797,73.242187500,166.320800781,125.885009766,-5.340576172,60.272216797,11.444091797
,-6.866455078,57.983398438,75.531005859,176.239013672,121.307373047,-14.495849609,45.013427734,-6.866455078
,-7.629394531,56.457519531,77.819824219,186.920166016,117.492675781,-23.651123047,27.465820313,-24.414062500
,-8.392333984,57.220458984,78.582763672,197.601318359,114.440917969,-30.517578125,9.155273438,-40.435791016
,-7.629394531,56.457519531,80.108642578,205.993652344,112.152099609,-35.858154297,-9.155273438,-54.931640625
,-5.340576172,54.168701172,80.871582031,212.860107422,109.863281250,-40.435791016,-28.991699219,-67.901611328
,-3.051757813,51.116943359,82.397460938,215.911865234,107.574462891,-44.250488281,-45.776367188,-81.634521484
,-3.051757813,46.539306641,83.923339844,218.200683594,104.522705078,-48.828125000,-62.561035156,-94.604492188
,-4.577636719,42.724609375,85.449218750,218.200683594,102.996826172,-53.405761719,-76.293945313,-106.811523438
,-6.866455078,40.435791016,86.975097656,215.148925781,103.759765625,-57.983398438,-90.789794922,-117.492675781
,-8.392333984,38.909912109,88.500976563,211.334228516,106.811523438,-62.561035156,-106.811523438,-126.647949219
,-7.629394531,36.621093750,89.263916016,205.993652344,111.389160156,-67.901611328,-122.833251953,-135.040283203
,-6.103515625,35.095214844,90.026855469,199.890136719,116.729736328,-73.242187500,-138.092041016,-143.432617188
,-4.577636719,32.043457031,90.026855469,196.075439453,122.833251953,-77.819824219,-151.824951172,-152.587890625
,-2.288818359,29.754638672,90.789794922,191.497802734,130.462646484,-81.634521484,-162.506103516,-162.506103516
,-1.525878906,27.465820313,92.315673828,186.920166016,138.092041016,-84.686279297,-172.424316406,-173.187255859
,0.762939453,25.177001953,92.315673828,181.579589844,146.484375000,-86.975097656,-182.342529297,-182.342529297
,2.288818359,22.888183594,92.315673828,174.713134766,154.876708984,-88.500976563,-192.260742188,-191.497802734
,3.814697266,19.073486328,90.026855469,165.557861328,160.217285156,-89.263916016,-202.941894531,-200.653076172
,5.340576172,16.784667969,86.212158203,156.402587891,164.031982422,-91.552734375,-213.623046875,-208.282470703
,5.340576172,15.258789063,81.634521484,148.010253906,166.320800781,-94.604492188,-224.304199219,-216.674804688
,5.340576172,14.495849609,77.056884766,141.143798828,167.083740234,-99.182128906,-233.459472656,-224.304199219
,6.103515625,16.021728516,71.716308594,136.566162109,167.083740234,-106.048583984,-241.088867188,-229.644775391
,6.103515625,14.495849609,66.375732422,132.751464844,166.320800781,-114.440917969,-249.481201172,-234.222412109
,8.392333984,12.207031250,61.035156250,129.699707031,163.269042969,-124.359130859,-257.110595703,-237.274169922
,10.681152344,8.392333984,55.694580078,128.173828125,157.165527344,-136.566162109,-264.739990234,-238.800048828
,13.732910156,3.814697266,51.879882813,128.173828125,150.299072266,-148.010253906,-271.606445313,-239.562988281
,16.021728516,0.762939453,47.302246094,129.699707031,141.906738281,-158.691406250,-278.472900391,-239.562988281
,18.310546875,-0.762939453,42.724609375,132.751464844,132.751464844,-168.609619141,-286.102294922,-239.562988281
,19.836425781,-1.525878906,38.909912109,135.040283203,124.359130859,-174.713134766,-293.731689453,-238.800048828
,22.125244141,-1.525878906,36.621093750,137.329101563,114.440917969,-180.816650391,-303.649902344,-238.800048828
,25.939941406,-2.288818359,35.858154297,138.854980469,104.522705078,-186.920166016,-313.568115234,-238.037109375
,29.754638672,-2.288818359,35.858154297,138.854980469,92.315673828,-192.260742188,-323.486328125,-238.037109375
,33.569335938,-2.288818359,36.621093750,140.380859375,79.345703125,-197.601318359,-332.641601563,-239.562988281
,38.146972656,-2.288818359,37.384033203,142.669677734,65.612792969,-202.178955078,-338.745117188,-241.851806641
,42.724609375,-0.762939453,38.146972656,144.195556641,52.642822266,-206.756591797,-346.374511719,-245.666503906
,47.302246094,0.762939453,40.435791016,144.958496094,40.435791016,-210.571289063,-352.478027344,-251.007080078
,52.642822266,2.288818359,41.961669922,144.958496094,28.228759766,-216.674804688,-359.344482422,-256.347656250
,55.694580078,3.814697266,44.250488281,144.195556641,15.258789063,-224.304199219,-366.973876953,-262.451171875
,56.457519531,3.051757813,45.776367188,143.432617188,1.525878906,-231.933593750,-374.603271484,-270.080566406
,56.457519531,2.288818359,48.065185547,143.432617188,-12.207031250,-241.088867188,-381.469726563,-276.184082031
,54.168701172,3.051757813,48.065185547,143.432617188,-26.702880859,-251.007080078,-389.099121094,-283.050537109
,53.405761719,3.814697266,48.065185547,141.906738281,-41.198730469,-260.925292969,-396.728515625,-291.442871094
,54.168701172,5.340576172,47.302246094,140.380859375,-55.694580078,-271.606445313,-405.120849609,-299.835205078
,55.694580078,6.866455078,46.539306641,138.092041016,-70.190429688,-281.524658203,-412.750244141,-310.516357422
,57.220458984,7.629394531,46.539306641,136.566162109,-83.923339844,-290.679931641,-421.142578125,-322.723388672
,55.694580078,7.629394531,47.302246094,135.803222656,-97.656250000,-299.072265625,-428.771972656,-336.456298828
,53.405761719,6.866455078,48.065185547,133.514404297,-110.626220703,-306.701660156,-436.401367188,-350.189208984
,50.354003906,6.103515625,48.065185547,131.988525391,-122.070312500,-314.331054688,-444.793701172,-363.159179688
,47.302246094,6.103515625,48.828125000,129.699707031,-131.988525391,-323.486328125,-453.186035156,-376.129150391
,46.539306641,5.340576172,48.065185547,126.647949219,-139.617919922,-332.641601563,-460.052490234,-389.099121094
,45.013427734,4.577636719,48.065185547,123.596191406,-146.484375000,-341.796875000,-465.393066406,-400.543212891
,42.724609375,3.814697266,48.065185547,119.781494141,-152.587890625,-352.478027344,-469.970703125,-410.461425781
,41.198730469,2.288818359,48.065185547,113.677978516,-157.165527344,-360.870361328,-473.022460938,-420.379638672
,38.909912109,1.525878906,48.065185547,107.574462891,-161.743164063,-367.736816406,-478.363037109,-429.534912109
,37.384033203,1.525878906,46.539306641,99.945068359,-164.794921875,-373.077392578,-482.940673828,-438.690185547
,38.146972656,0.762939453,44.250488281,94.604492188,-169.372558594,-376.892089844,-489.044189453,-448.608398438
,39.672851563,-0.762939453,40.435791016,89.263916016,-174.713134766,-381.469726563,-495.147705078,-457.763671875
,41.961669922,-3.051757813,38.909912109,85.449218750,-180.053710938,-386.047363281,-499.725341797,-466.918945313
,45.013427734,-5.340576172,36.621093750,82.397460938,-186.920166016,-389.862060547,-502.777099609,-476.074218750
,48.065185547,-6.866455078,35.858154297,76.293945313,-193.023681641,-393.676757813,-505.065917969,-483.703613281
,51.116943359,-6.866455078,35.095214844,69.427490234,-196.838378906,-395.202636719,-505.065917969,-489.807128906
,54.168701172,-6.866455078,34.332275391,63.323974609,-199.127197266,-395.965576172,-505.065917969,-496.673583984
,58.746337891,-6.103515625,32.806396484,55.694580078,-199.890136719,-396.728515625,-505.065917969,-501.251220703
,63.323974609,-6.103515625,31.280517578,51.879882813,-200.653076172,-396.728515625,-505.828857422,-505.065917969
,67.901611328,-7.629394531,29.754638672,50.354003906,-201.416015625,-398.254394531,-507.354736328,-510.406494141
,71.716308594,-8.392333984,28.991699219,48.828125000,-201.416015625,-399.780273438,-508.117675781,-514.221191406
,74.768066406,-9.155273438,28.991699219,48.065185547,-202.941894531,-401.306152344,-510.406494141,-518.798828125
,77.056884766,-9.155273438,29.754638672,45.776367188,-202.941894531,-402.069091797,-512.695312500,-523.376464844
,77.819824219,-9.155273438,30.517578125,42.724609375,-205.230712891,-404.357910156,-515.747070313,-527.954101563
,78.582763672,-9.918212891,32.043457031,39.672851563,-210.571289063,-406.646728516,-518.798828125,-531.768798828
,78.582763672,-10.681152344,32.806396484,35.095214844,-217.437744141,-408.172607422,-521.087646484,-536.346435547
,76.293945313,-12.207031250,32.043457031,32.043457031,-225.830078125,-410.461425781,-523.376464844,-540.924072266
,74.768066406,-13.732910156,30.517578125,26.702880859,-234.222412109,-411.224365234,-524.902343750,-544.738769531
,72.479248047,-15.258789063,27.465820313,22.125244141,-241.088867188,-411.987304688,-526.428222656,-547.790527344
,70.190429688,-16.784667969,24.414062500,16.784667969,-249.481201172,-414.276123047,-527.954101563,-547.790527344
,69.427490234,-18.310546875,21.362304688,12.969970703,-257.110595703,-416.564941406,-529.479980469,-547.790527344
,67.901611328,-19.836425781,16.784667969,10.681152344,-265.502929688,-421.142578125,-531.005859375,-547.790527344
,66.375732422,-20.599365234,15.258789063,9.918212891,-274.658203125,-424.957275391,-531.005859375,-547.790527344
,65.612792969,-20.599365234,12.207031250,9.918212891,-281.524658203,-429.534912109,-531.768798828,-549.316406250
,64.086914063,-19.836425781,10.681152344,8.392333984,-288.391113281,-433.349609375,-531.768798828,-550.079345703
,63.323974609,-18.310546875,9.918212891,6.866455078,-295.257568359,-437.164306641,-531.768798828,-550.079345703
,64.086914063,-16.021728516,9.918212891,4.577636719,-300.598144531,-440.216064453,-532.531738281,-550.842285156
,64.086914063,-12.969970703,9.918212891,2.288818359,-306.701660156,-444.030761719,-532.531738281,-550.842285156
,63.323974609,-11.444091797,10.681152344,2.288818359,-310.516357422,-447.845458984,-531.005859375,-551.605224609
,62.561035156,-10.681152344,12.207031250,1.525878906,-314.331054688,-450.897216797,-529.479980469,-551.605224609
,61.798095703,-9.155273438,13.732910156,1.525878906,-317.382812500,-453.186035156,-527.954101563,-552.368164063
,61.798095703,-8.392333984,15.258789063,1.525878906,-318.145751953,-455.474853516,-526.428222656,-552.368164063
,62.561035156,-8.392333984,16.021728516,0.000000000,-318.908691406,-458.526611328,-525.665283203,-551.605224609
,63.323974609,-8.392333984,16.784667969,-0.762939453,-318.908691406,-462.341308594,-524.139404297,-551.605224609
,63.323974609,-9.155273438,17.547607422,-2.288818359,-318.145751953,-466.156005859,-521.850585938,-550.842285156
,62.561035156,-9.918212891,17.547607422,-3.051757813,-317.382812500,-469.970703125,-518.035888672,-549.316406250
,60.272216797,-9.155273438,19.073486328,-3.814697266,-314.331054688,-473.785400391,-513.458251953,-547.027587891
,57.983398438,-9.155273438,20.599365234,-6.103515625,-311.279296875,-476.074218750,-511.169433594,-544.738769531
,56.457519531,-9.155273438,21.362304688,-9.155273438,-308.227539063,-477.600097656,-509.643554688,-544.738769531
,54.931640625,-8.392333984,19.836425781,-12.969970703,-305.938720703,-480.651855469,-509.643554688,-543.212890625
,54.168701172,-8.392333984,18.310546875,-16.784667969,-305.175781250,-483.703613281,-509.643554688,-543.212890625
,54.168701172,-8.392333984,16.784667969,-19.073486328,-304.412841797,-488.281250000,-508.880615234,-543.212890625
,54.931640625,-6.866455078,15.258789063,-20.599365234,-305.175781250,-492.095947266,-508.117675781,-542.449951172
,54.931640625,-5.340576172,14.495849609,-22.888183594,-306.701660156,-495.147705078,-508.117675781,-541.687011719
,54.168701172,-3.814697266,13.732910156,-25.939941406,-308.990478516,-497.436523438,-508.117675781,-540.924072266
,54.168701172,-2.288818359,12.969970703,-28.991699219,-312.042236328,-499.725341797,-508.880615234,-538.635253906
,53.405761719,-0.762939453,12.207031250,-32.043457031,-315.856933594,-502.777099609,-510.406494141,-537.109375000
,53.405761719,0.000000000,11.444091797,-34.332275391,-318.908691406,-506.591796875,-511.169433594,-535.583496094
,52.642822266,0.000000000,11.444091797,-35.095214844,-321.960449219,-510.406494141,-511.169433594,-534.057617188
,51.879882813,0.762939453,10.681152344,-35.858154297,-324.249267578,-513.458251953,-511.932373047,-532.531738281
,51.879882813,2.288818359,9.155273438,-38.146972656,-325.012207031,-514.221191406,-512.695312500,-531.768798828
,51.116943359,4.577636719,7.629394531,-41.198730469,-325.775146484,-514.984130859,-514.221191406,-531.005859375
,51.879882813,6.103515625,6.103515625,-44.250488281,-325.775146484,-515.747070313,-514.984130859,-528.717041016
,51.879882813,8.392333984,4.577636719,-48.065185547,-326.538085938,-515.747070313,-516.510009766,-527.954101563
,51.116943359,10.681152344,4.577636719,-48.828125000,-327.301025391,-515.747070313,-516.510009766,-527.954101563
,50.354003906,11.444091797,3.814697266,-50.354003906,-328.063964844,-514.984130859,-516.510009766,-527.954101563
,48.828125000,12.969970703,2.288818359,-51.116943359,-327.301025391,-513.458251953,-517.272949219,-527.954101563
,48.065185547,13.732910156,1.525878906,-51.116943359,-325.012207031,-511.932373047,-517.272949219,-528.717041016
,48.828125000,13.732910156,0.762939453,-52.642822266,-322.723388672,-511.932373047,-517.272949219,-526.428222656
,48.828125000,15.258789063,1.525878906,-53.405761719,-321.197509766,-512.695312500,-516.510009766,-525.665283203
,48.065185547,16.021728516,2.288818359,-53.405761719,-321.960449219,-514.221191406,-516.510009766,-524.139404297
,45.776367188,19.073486328,3.051757813,-52.642822266,-323.486328125,-514.221191406,-517.272949219,-522.613525391
,43.487548828,22.125244141,2.288818359,-54.168701172,-325.012207031,-513.458251953,-518.798828125,-521.850585938
,41.198730469,25.177001953,1.525878906,-55.694580078,-326.538085938,-510.406494141,-521.087646484,-519.561767578
,40.435791016,27.465820313,0.762939453,-57.220458984,-326.538085938,-507.354736328,-521.087646484,-517.272949219
,40.435791016,28.991699219,0.000000000,-57.983398438,-325.012207031,-503.540039063,-520.324707031,-515.747070313
,41.198730469,30.517578125,0.000000000,-57.983398438,-324.249267578,-499.725341797,-518.798828125,-511.932373047
,41.198730469,32.806396484,0.000000000,-57.220458984,-321.960449219,-497.436523438,-516.510009766,-509.643554688
,41.961669922,36.621093750,0.000000000,-57.983398438,-321.197509766,-495.147705078,-514.984130859,-507.354736328
,43.487548828,39.672851563,0.000000000,-58.746337891,-320.434570313,-493.621826172,-513.458251953,-505.065917969
,44.250488281,41.961669922,0.000000000,-58.746337891,-318.145751953,-492.858886719,-512.695312500,-503.540039063
,46.539306641,41.198730469,-3.051757813,-58.746337891,-316.619873047,-492.858886719,-511.169433594,-502.014160156
,46.539306641,38.146972656,-6.103515625,-58.746337891,-315.093994141,-492.858886719,-510.406494141,-499.725341797
,45.013427734,35.095214844,-7.629394531,-58.746337891,-313.568115234,-492.858886719,-507.354736328,-498.199462891
,42.724609375,31.280517578,-8.392333984,-58.746337891,-314.331054688,-491.333007813,-504.302978516,-497.436523438
,40.435791016,28.991699219,-7.629394531,-60.272216797,-314.331054688,-489.807128906,-501.251220703,-496.673583984
,38.146972656,26.702880859,-6.103515625,-61.798095703,-314.331054688,-487.518310547,-498.199462891,-496.673583984
,35.858154297,23.651123047,-6.103515625,-62.561035156,-314.331054688,-485.992431641,-495.147705078,-495.147705078
,34.332275391,19.836425781,-5.340576172,-63.323974609,-313.568115234,-485.229492188,-492.858886719,-494.384765625
,32.043457031,15.258789063,-3.814697266,-64.849853516,-313.568115234,-485.229492188,-491.333007813,-492.095947266
,29.754638672,10.681152344,-3.051757813,-65.612792969,-312.805175781,-485.992431641,-489.807128906,-491.333007813
,27.465820313,9.155273438,-1.525878906,-65.612792969,-312.042236328,-486.755371094,-488.281250000,-490.570068359
,24.414062500,7.629394531,0.000000000,-65.612792969,-308.227539063,-486.755371094,-485.992431641,-486.755371094
,21.362304688,7.629394531,0.000000000,-64.086914063,-304.412841797,-486.755371094,-482.940673828,-481.414794922
,19.836425781,7.629394531,1.525878906,-61.798095703,-300.598144531,-485.992431641,-479.125976563,-474.548339844
,17.547607422,9.155273438,2.288818359,-60.272216797,-297.546386719,-485.992431641,-475.311279297,-466.918945313
,14.495849609,12.207031250,3.814697266,-57.220458984,-294.494628906,-486.755371094,-473.022460938,-461.578369141
,11.444091797,15.258789063,4.577636719,-54.931640625,-290.679931641,-487.518310547,-471.496582031,-457.763671875
,9.155273438,19.836425781,5.340576172,-53.405761719,-286.102294922,-485.992431641,-470.733642578,-453.186035156
,6.866455078,23.651123047,6.103515625,-51.116943359,-280.761718750,-482.940673828,-469.970703125,-448.608398438
,6.103515625,26.702880859,6.103515625,-49.591064453,-276.184082031,-479.888916016,-468.444824219,-441.741943359
,6.103515625,30.517578125,8.392333984,-48.828125000,-273.132324219,-476.837158203,-466.156005859,-435.638427734
,4.577636719,34.332275391,10.681152344,-47.302246094,-270.843505859,-474.548339844,-463.867187500,-431.823730469
,3.051757813,38.146972656,12.207031250,-45.776367188,-268.554687500,-473.785400391,-460.815429688,-429.534912109
,0.762939453,44.250488281,12.207031250,-45.013427734,-266.265869141,-472.259521484,-459.289550781,-426.483154297
,-0.762939453,49.591064453,10.681152344,-44.250488281,-263.214111328,-471.496582031,-458.526611328,-424.957275391
,-1.525878906,54.168701172,9.155273438,-41.961669922,-260.162353516,-470.733642578,-457.763671875,-420.379638672
,-1.525878906,58.746337891,6.866455078,-40.435791016,-257.873535156,-470.733642578,-457.000732422,-416.564941406
,-0.762939453,62.561035156,6.103515625,-36.621093750,-255.584716797,-470.733642578,-456.237792969,-412.750244141
,-0.762939453,65.612792969,6.866455078,-33.569335938,-254.058837891,-469.970703125,-455.474853516,-408.935546875
,-0.762939453,69.427490234,6.103515625,-30.517578125,-253.295898438,-468.444824219,-455.474853516,-406.646728516
,-1.525878906,73.242187500,4.577636719,-28.228759766,-253.295898438,-466.156005859,-455.474853516,-403.594970703
,-2.288818359,76.293945313,1.525878906,-27.465820313,-251.770019531,-463.104248047,-455.474853516,-401.306152344
,-3.051757813,77.819824219,0.000000000,-26.702880859,-249.481201172,-460.052490234,-455.474853516,-398.254394531
,-3.814697266,78.582763672,-2.288818359,-26.702880859,-247.192382813,-457.000732422,-453.948974609,-395.965576172
,-6.103515625,77.819824219,-3.814697266,-25.939941406,-244.140625000,-454.711914063,-452.423095703,-393.676757813
,-9.918212891,76.293945313,-4.577636719,-25.177001953,-243.377685547,-452.423095703,-450.134277344,-392.913818359
,-14.495849609,74.768066406,-6.866455078,-25.177001953,-242.614746094,-449.371337891,-447.845458984,-392.150878906
,-19.073486328,73.242187500,-9.155273438,-25.939941406,-242.614746094,-447.082519531,-446.319580078,-392.913818359
,-22.888183594,70.190429688,-11.444091797,-25.939941406,-242.614746094,-444.030761719,-444.793701172,-392.913818359
,-25.177001953,66.375732422,-13.732910156,-26.702880859,-242.614746094,-441.741943359,-444.793701172,-392.913818359
,-28.228759766,61.035156250,-14.495849609,-27.465820313,-242.614746094,-437.927246094,-444.793701172,-391.387939453
,-32.043457031,56.457519531,-13.732910156,-26.702880859,-242.614746094,-434.112548828,-443.267822266,-389.862060547
,-35.858154297,51.879882813,-11.444091797,-25.939941406,-241.851806641,-430.297851563,-443.267822266,-387.573242188
,-38.146972656,48.065185547,-9.155273438,-25.939941406,-240.325927734,-425.720214844,-442.504882813,-384.521484375
,-40.435791016,45.013427734,-6.866455078,-26.702880859,-238.037109375,-422.668457031,-441.741943359,-382.232666016
,-40.435791016,41.198730469,-5.340576172,-28.991699219,-237.274169922,-420.379638672,-440.216064453,-379.180908203
,-40.435791016,38.146972656,-6.866455078,-32.043457031,-238.037109375,-416.564941406,-438.690185547,-377.655029297
,-40.435791016,34.332275391,-9.155273438,-35.095214844,-239.562988281,-414.276123047,-434.875488281,-378.417968750
,-40.435791016,29.754638672,-12.969970703,-37.384033203,-241.088867188,-410.461425781,-431.060791016,-377.655029297
,-40.435791016,25.939941406,-16.784667969,-38.909912109,-240.325927734,-405.883789063,-428.009033203,-376.129150391
,-38.909912109,20.599365234,-20.599365234,-40.435791016,-238.037109375,-400.543212891,-424.957275391,-373.077392578
,-35.858154297,17.547607422,-22.888183594,-42.724609375,-234.222412109,-395.202636719,-421.142578125,-367.736816406
,-31.280517578,16.784667969,-24.414062500,-44.250488281,-231.170654297,-389.099121094,-418.090820313,-363.922119141
,-25.177001953,16.784667969,-25.177001953,-45.013427734,-227.355957031,-384.521484375,-414.276123047,-361.633300781
,-19.073486328,18.310546875,-25.177001953,-45.013427734,-225.067138672,-380.706787109,-410.461425781,-360.107421875
,-12.207031250,19.073486328,-25.939941406,-45.776367188,-224.304199219,-377.655029297,-407.409667969,-360.870361328
,-4.577636719,19.836425781,-26.702880859,-45.776367188,-222.778320313,-373.840332031,-405.120849609,-360.870361328
,3.051757813,19.836425781,-27.465820313,-45.776367188,-222.778320313,-370.025634766,-402.832031250,-360.107421875
,12.207031250,20.599365234,-27.465820313,-46.539306641,-222.778320313,-365.447998047,-400.543212891,-358.581542969
,21.362304688,22.125244141,-27.465820313,-46.539306641,-222.015380859,-361.633300781,-398.254394531,-357.055664063
,30.517578125,23.651123047,-24.414062500,-45.776367188,-222.778320313,-357.818603516,-395.202636719,-354.766845703
,38.146972656,25.939941406,-22.125244141,-45.776367188,-222.778320313,-355.529785156,-392.913818359,-354.003906250
,44.250488281,28.228759766,-21.362304688,-46.539306641,-222.015380859,-352.478027344,-391.387939453,-353.240966797
,50.354003906,29.754638672,-19.073486328,-46.539306641,-221.252441406,-350.189208984,-388.336181641,-352.478027344
,54.931640625,31.280517578,-19.073486328,-47.302246094,-219.726562500,-347.900390625,-385.284423828,-350.189208984
,58.746337891,32.806396484,-18.310546875,-47.302246094,-217.437744141,-344.848632813,-383.758544922,-348.663330078
,61.035156250,34.332275391,-14.495849609,-47.302246094,-215.911865234,-342.559814453,-380.706787109,-346.374511719
,63.323974609,36.621093750,-12.969970703,-46.539306641,-214.385986328,-341.033935547,-377.655029297,-344.085693359
,64.086914063,39.672851563,-12.207031250,-45.776367188,-212.097167969,-338.745117188,-374.603271484,-341.033935547
,65.612792969,43.487548828,-12.207031250,-44.250488281,-211.334228516,-336.456298828,-370.025634766,-337.219238281
,67.901611328,45.776367188,-14.495849609,-41.961669922,-209.808349609,-334.930419922,-366.973876953,-334.167480469
,70.190429688,48.828125000,-16.021728516,-40.435791016,-208.282470703,-333.404541016,-364.685058594,-331.115722656
,70.953369141,50.354003906,-16.021728516,-38.146972656,-208.282470703,-332.641601563,-361.633300781,-328.063964844
,68.664550781,51.879882813,-15.258789063,-36.621093750,-206.756591797,-330.352783203,-357.818603516,-328.063964844
,64.086914063,54.168701172,-13.732910156,-35.858154297,-205.993652344,-327.301025391,-354.003906250,-327.301025391
,55.694580078,57.220458984,-12.207031250,-35.095214844,-204.467773438,-324.249267578,-349.426269531,-325.775146484
,47.302246094,59.509277344,-11.444091797,-35.095214844,-202.178955078,-321.197509766,-346.374511719,-324.249267578
,38.909912109,61.798095703,-10.681152344,-34.332275391,-199.890136719,-318.908691406,-343.322753906,-321.197509766
,31.280517578,63.323974609,-11.444091797,-34.332275391,-199.127197266,-316.619873047,-339.508056641,-318.908691406
,25.177001953,64.086914063,-11.444091797,-32.806396484,-197.601318359,-315.093994141,-334.930419922,-317.382812500
,19.836425781,66.375732422,-11.444091797,-32.043457031,-195.312500000,-313.568115234,-330.352783203,-315.093994141
,13.732910156,67.901611328,-11.444091797,-31.280517578,-193.023681641,-311.279296875,-325.775146484,-314.331054688
,8.392333984,70.190429688,-9.918212891,-29.754638672,-190.734863281,-308.990478516,-321.197509766,-313.568115234
,2.288818359,73.242187500,-8.392333984,-29.754638672,-189.971923828,-306.701660156,-318.908691406,-311.279296875
,-1.525878906,77.056884766,-6.103515625,-28.228759766,-191.497802734,-304.412841797,-315.856933594,-308.990478516
,-6.866455078,80.871582031,-3.051757813,-26.702880859,-194.549560547,-302.886962891,-313.568115234,-307.464599609
,-11.444091797,84.686279297,0.000000000,-25.939941406,-197.601318359,-301.361083984,-312.042236328,-306.701660156
,-14.495849609,87.738037109,3.051757813,-24.414062500,-201.416015625,-299.072265625,-308.990478516,-305.938720703
,-18.310546875,86.975097656,4.577636719,-24.414062500,-202.941894531,-296.783447266,-307.464599609,-305.175781250
,-22.125244141,84.686279297,6.103515625,-23.651123047,-204.467773438,-294.494628906,-304.412841797,-302.886962891
,-25.939941406,81.634521484,6.103515625,-23.651123047,-206.756591797,-293.731689453,-300.598144531,-300.598144531
,-30.517578125,77.819824219,7.629394531,-22.888183594,-208.282470703,-292.205810547,-296.783447266,-300.598144531
,-35.858154297,74.768066406,9.918212891,-20.599365234,-209.808349609,-289.916992188,-292.205810547,-301.361083984
,-40.435791016,72.479248047,11.444091797,-20.599365234,-212.097167969,-287.628173828,-288.391113281,-301.361083984
,-45.776367188,70.190429688,12.969970703,-20.599365234,-212.860107422,-280.761718750,-286.102294922,-301.361083984
,-51.116943359,68.664550781,12.969970703,-21.362304688,-212.860107422,-275.421142578,-284.576416016,-299.835205078
,-54.931640625,65.612792969,12.969970703,-21.362304688,-212.097167969,-269.317626953,-283.813476563,-298.309326172
,-58.746337891,62.561035156,13.732910156,-21.362304688,-212.097167969,-263.977050781,-283.813476563,-296.783447266
,-61.798095703,58.746337891,16.021728516,-19.836425781,-211.334228516,-260.925292969,-282.287597656,-294.494628906
,-65.612792969,54.168701172,18.310546875,-19.836425781,-212.097167969,-256.347656250,-279.998779297,-292.968750000
,-69.427490234,51.116943359,19.073486328,-20.599365234,-211.334228516,-251.007080078,-277.709960938,-291.442871094
,-72.479248047,48.065185547,19.073486328,-20.599365234,-209.045410156,-245.666503906,-275.421142578,-289.916992188
,-74.768066406,45.013427734,19.073486328,-21.362304688,-207.519531250,-239.562988281,-273.132324219,-287.628173828
,-74.768066406,41.961669922,19.073486328,-20.599365234,-203.704833984,-234.222412109,-270.843505859,-285.339355469
,-75.531005859,38.909912109,21.362304688,-19.073486328,-201.416015625,-231.170654297,-268.554687500,-283.813476563
,-76.293945313,35.095214844,23.651123047,-17.547607422,-199.890136719,-228.881835938,-265.502929688,-281.524658203
,-76.293945313,32.806396484,24.414062500,-15.258789063,-198.364257813,-226.593017578,-261.688232422,-280.761718750
,-76.293945313,30.517578125,25.177001953,-14.495849609,-198.364257813,-224.304199219,-258.636474609,-279.998779297
,-74.005126953,28.228759766,25.177001953,-13.732910156,-197.601318359,-222.015380859,-255.584716797,-279.235839844
,-68.664550781,25.939941406,25.939941406,-14.495849609,-196.838378906,-220.489501953,-253.295898438,-279.235839844
,-61.035156250,22.888183594,26.702880859,-16.021728516,-196.075439453,-218.200683594,-250.244140625,-277.709960938
,-51.879882813,19.836425781,28.991699219,-17.547607422,-193.786621094,-217.437744141,-245.666503906,-276.184082031
,-40.435791016,18.310546875,30.517578125,-19.073486328,-191.497802734,-215.148925781,-240.325927734,-273.895263672
,-28.228759766,17.547607422,31.280517578,-19.073486328,-189.208984375,-212.860107422,-235.748291016,-272.369384766
,-13.732910156,17.547607422,31.280517578,-16.784667969,-186.920166016,-209.808349609,-231.170654297,-270.843505859
,3.051757813,17.547607422,30.517578125,-13.732910156,-185.394287109,-207.519531250,-225.830078125,-269.317626953
,22.125244141,17.547607422,30.517578125,-9.918212891,-184.631347656,-205.230712891,-220.489501953,-267.028808594
,43.487548828,16.784667969,31.280517578,-6.866455078,-183.105468750,-205.230712891,-215.148925781,-265.502929688
,64.086914063,16.021728516,34.332275391,-3.051757813,-180.053710938,-204.467773438,-210.571289063,-263.977050781
,83.923339844,16.021728516,37.384033203,0.000000000,-177.764892578,-202.941894531,-206.756591797,-260.925292969
,101.470947266,15.258789063,39.672851563,2.288818359,-174.713134766,-202.178955078,-203.704833984,-259.399414063
,116.729736328,16.021728516,41.198730469,6.103515625,-171.661376953,-200.653076172,-200.653076172,-255.584716797
,131.988525391,16.784667969,41.961669922,10.681152344,-169.372558594,-201.416015625,-196.838378906,-251.770019531
,144.195556641,16.784667969,41.198730469,16.021728516,-167.083740234,-201.416015625,-194.549560547,-249.481201172
,154.113769531,16.021728516,43.487548828,21.362304688,-164.794921875,-202.178955078,-191.497802734,-246.429443359
,161.743164063,16.021728516,45.013427734,25.939941406,-163.269042969,-202.178955078,-189.971923828,-244.903564453
,167.083740234,16.784667969,46.539306641,28.991699219,-160.980224609,-200.653076172,-188.446044922,-243.377685547
,172.424316406,18.310546875,48.065185547,31.280517578,-157.928466797,-199.890136719,-186.920166016,-241.088867188
,177.001953125,19.073486328,48.065185547,32.043457031,-155.639648438,-199.890136719,-185.394287109,-238.037109375
,178.527832031,19.836425781,47.302246094,31.280517578,-153.350830078,-199.890136719,-184.631347656,-234.985351563
,177.001953125,19.836425781,48.828125000,32.043457031,-151.824951172,-199.127197266,-183.105468750,-231.933593750
,173.187255859,19.836425781,48.828125000,31.280517578,-151.062011719,-196.838378906,-180.816650391,-231.170654297
,166.320800781,20.599365234,49.591064453,29.754638672,-149.536132813,-193.023681641,-179.290771484,-229.644775391
,160.217285156,20.599365234,49.591064453,28.991699219,-148.773193359,-188.446044922,-180.053710938,-228.881835938
,154.113769531,19.836425781,49.591064453,26.702880859,-148.010253906,-185.394287109,-180.816650391,-227.355957031
,147.247314453,19.836425781,49.591064453,25.177001953,-147.247314453,-183.868408203,-182.342529297,-225.067138672
,138.854980469,19.073486328,51.116943359,24.414062500,-146.484375000,-183.868408203,-183.868408203,-224.304199219
,129.699707031,18.310546875,52.642822266,23.651123047,-145.721435547,-183.868408203,-182.342529297,-222.778320313
,119.018554688,17.547607422,53.405761719,22.125244141,-145.721435547,-183.868408203,-182.342529297,-222.778320313
,109.863281250,16.021728516,53.405761719,20.599365234,-145.721435547,-183.868408203,-181.579589844,-222.778320313
,100.708007813,13.732910156,51.879882813,18.310546875,-145.721435547,-183.105468750,-180.816650391,-222.778320313
,93.841552734,11.444091797,49.591064453,16.021728516,-145.721435547,-182.342529297,-180.816650391,-223.541259766
,87.738037109,9.155273438,47.302246094,13.732910156,-146.484375000,-181.579589844,-180.053710938,-222.778320313
,81.634521484,6.866455078,47.302246094,12.207031250,-147.247314453,-180.816650391,-177.764892578,-223.541259766
,76.293945313,6.103515625,46.539306641,11.444091797,-148.010253906,-180.816650391,-176.239013672,-224.304199219
,71.716308594,5.340576172,46.539306641,9.918212891,-148.773193359,-179.290771484,-174.713134766,-225.067138672
,68.664550781,4.577636719,45.776367188,6.866455078,-148.773193359,-177.001953125,-173.187255859,-225.830078125
,68.664550781,3.051757813,45.013427734,3.051757813,-149.536132813,-174.713134766,-172.424316406,-225.830078125
,70.190429688,1.525878906,45.013427734,0.000000000,-149.536132813,-172.424316406,-170.135498047,-225.830078125
,73.242187500,0.762939453,45.776367188,-3.051757813,-150.299072266,-170.898437500,-166.320800781,-225.830078125
,76.293945313,0.000000000,46.539306641,-4.577636719,-150.299072266,-170.898437500,-164.794921875,-225.830078125
,79.345703125,0.762939453,45.776367188,-3.814697266,-148.773193359,-170.135498047,-161.743164063,-224.304199219
,81.634521484,0.762939453,41.961669922,-3.051757813,-147.247314453,-167.846679688,-160.980224609,-223.541259766
,83.160400391,2.288818359,38.146972656,-0.762939453,-144.195556641,-165.557861328,-160.980224609,-222.778320313
,85.449218750,2.288818359,34.332275391,0.000000000,-141.906738281,-164.031982422,-160.217285156,-221.252441406
,87.738037109,1.525878906,32.806396484,0.762939453,-139.617919922,-163.269042969,-158.691406250,-222.015380859
,88.500976563,0.000000000,33.569335938,1.525878906,-139.617919922,-163.269042969,-157.165527344,-222.778320313
,89.263916016,-1.525878906,34.332275391,3.051757813,-141.143798828,-164.031982422,-154.876708984,-224.304199219
,89.263916016,-3.814697266,33.569335938,3.814697266,-143.432617188,-163.269042969,-153.350830078,-225.830078125
,89.263916016,-7.629394531,32.043457031,4.577636719,-144.958496094,-162.506103516,-153.350830078,-226.593017578
,90.026855469,-9.918212891,28.991699219,3.814697266,-146.484375000,-160.980224609,-152.587890625,-225.830078125
,90.026855469,-12.969970703,25.177001953,3.814697266,-147.247314453,-159.454345703,-152.587890625,-223.541259766
,90.026855469,-15.258789063,22.125244141,4.577636719,-148.773193359,-157.928466797,-152.587890625,-222.015380859
,89.263916016,-16.021728516,19.073486328,5.340576172,-148.773193359,-156.402587891,-151.824951172,-219.726562500
,87.738037109,-16.784667969,16.784667969,6.866455078,-148.010253906,-154.113769531,-151.062011719,-218.200683594
,86.975097656,-16.784667969,16.021728516,6.866455078,-145.721435547,-152.587890625,-149.536132813,-216.674804688
,87.738037109,-17.547607422,16.784667969,6.866455078,-142.669677734,-151.062011719,-148.773193359,-214.385986328
,87.738037109,-17.547607422,19.073486328,6.866455078,-140.380859375,-150.299072266,-148.773193359,-212.097167969
,86.975097656,-16.784667969,22.125244141,7.629394531,-138.092041016,-151.062011719,-148.773193359,-210.571289063
,83.923339844,-16.784667969,25.939941406,9.155273438,-137.329101563,-151.824951172,-148.773193359,-209.808349609
,79.345703125,-16.021728516,28.991699219,10.681152344,-136.566162109,-151.824951172,-148.010253906,-209.045410156
,76.293945313,-14.495849609,31.280517578,11.444091797,-136.566162109,-151.824951172,-147.247314453,-207.519531250
,74.005126953,-13.732910156,33.569335938,12.207031250,-135.803222656,-150.299072266,-147.247314453,-205.230712891
,74.768066406,-13.732910156,35.095214844,12.969970703,-134.277343750,-149.536132813,-146.484375000,-202.178955078
,75.531005859,-14.495849609,37.384033203,15.258789063,-133.514404297,-149.536132813,-145.721435547,-199.127197266
,75.531005859,-16.021728516,38.909912109,16.784667969,-131.988525391,-150.299072266,-144.195556641,-196.838378906
,74.005126953,-16.021728516,39.672851563,18.310546875,-130.462646484,-151.062011719,-141.906738281,-196.075439453
,70.953369141,-15.258789063,39.672851563,18.310546875,-128.936767578,-151.062011719,-139.617919922,-194.549560547
,66.375732422,-15.258789063,38.909912109,18.310546875,-125.885009766,-150.299072266,-137.329101563,-193.786621094
,62.561035156,-16.021728516,37.384033203,18.310546875,-124.359130859,-149.536132813,-135.040283203,-191.497802734
,60.272216797,-16.784667969,35.095214844,20.599365234,-124.359130859,-149.536132813,-133.514404297,-189.208984375
,60.272216797,-16.784667969,33.569335938,22.125244141,-122.833251953,-150.299072266,-131.988525391,-186.920166016
,61.798095703,-15.258789063,32.043457031,24.414062500,-122.070312500,-151.824951172,-129.699707031,-184.631347656
,65.612792969,-11.444091797,29.754638672,25.177001953,-120.544433594,-152.587890625,-128.173828125,-183.105468750
,68.664550781,-9.155273438,27.465820313,25.177001953,-119.018554688,-153.350830078,-128.173828125,-183.105468750
,70.953369141,-6.103515625,25.177001953,24.414062500,-117.492675781,-154.113769531,-128.936767578,-183.868408203
,72.479248047,-3.814697266,22.125244141,25.177001953,-116.729736328,-154.876708984,-130.462646484,-183.868408203
,72.479248047,-3.051757813,19.836425781,23.651123047,-115.966796875,-156.402587891,-131.225585938,-184.631347656
,70.953369141,-0.762939453,16.784667969,22.125244141,-115.203857422,-158.691406250,-131.225585938,-184.631347656
,69.427490234,1.525878906,13.732910156,21.362304688,-113.677978516,-159.454345703,-130.462646484,-183.105468750
,67.901611328,6.103515625,10.681152344,19.836425781,-112.152099609,-159.454345703,-128.936767578,-180.816650391
,66.375732422,10.681152344,6.103515625,19.836425781,-109.863281250,-159.454345703,-128.173828125,-177.764892578
,67.138671875,14.495849609,1.525878906,19.836425781,-108.337402344,-159.454345703,-126.647949219,-171.661376953
,67.138671875,18.310546875,-2.288818359,18.310546875,-106.811523438,-159.454345703,-126.647949219,-166.320800781
,67.901611328,22.125244141,-5.340576172,16.784667969,-104.522705078,-157.928466797,-125.885009766,-160.980224609
,68.664550781,25.939941406,-7.629394531,15.258789063,-103.759765625,-157.165527344,-125.885009766,-155.639648438
,69.427490234,30.517578125,-8.392333984,12.969970703,-101.470947266,-153.350830078,-126.647949219,-151.062011719
,70.190429688,35.095214844,-9.155273438,11.444091797,-99.945068359,-150.299072266,-127.410888672,-147.247314453
,70.953369141,38.909912109,-12.207031250,9.918212891,-97.656250000,-147.247314453,-127.410888672,-139.617919922
,71.716308594,41.961669922,-15.258789063,7.629394531,-95.367431641,-144.958496094,-128.936767578,-131.988525391
,70.953369141,44.250488281,-19.073486328,7.629394531,-94.604492188,-143.432617188,-129.699707031,-124.359130859
,70.953369141,45.776367188,-20.599365234,8.392333984,-93.078613281,-141.906738281,-130.462646484,-115.966796875
,69.427490234,48.828125000,-20.599365234,8.392333984,-92.315673828,-139.617919922,-131.225585938,-109.863281250
,67.138671875,50.354003906,-19.073486328,8.392333984,-90.026855469,-137.329101563,-131.225585938,-103.759765625
,65.612792969,53.405761719,-17.547607422,6.866455078,-87.738037109,-135.803222656,-131.225585938,-98.419189453
,65.612792969,55.694580078,-16.021728516,5.340576172,-86.212158203,-135.803222656,-131.988525391,-94.604492188
